dbo,Activity,ID,1,int,NULL,NO
dbo,Activity,Name,2,varchar,100,NO
dbo,Activity,Description,3,varchar,250,YES
dbo,Activity,ActivityDate,4,smalldatetime,NULL,YES
dbo,Activity,StartDate,5,smalldatetime,NULL,YES
dbo,Activity,EndDate,6,smalldatetime,NULL,YES
dbo,Activity,SchoolID,7,int,NULL,NO
dbo,Activity,Closed,8,int,NULL,NO
dbo,Activity,Billed,9,int,NULL,NO
dbo,Activity,CreateDate,10,smalldatetime,NULL,NO
dbo,Activity,Deleted,11,int,NULL,NO
dbo,Activity,PREETS,12,varchar,100,YES
dbo,Activity,HSHTCoordinator,13,int,NULL,YES
dbo,Activity_Bak,ID,1,int,NULL,NO
dbo,Activity_Bak,Name,2,varchar,100,NO
dbo,Activity_Bak,Description,3,varchar,250,YES
dbo,Activity_Bak,ActivityDate,4,smalldatetime,NULL,YES
dbo,Activity_Bak,StartDate,5,smalldatetime,NULL,YES
dbo,Activity_Bak,EndDate,6,smalldatetime,NULL,YES
dbo,Activity_Bak,SchoolID,7,int,NULL,NO
dbo,Activity_Bak,Closed,8,int,NULL,NO
dbo,Activity_Bak,Billed,9,int,NULL,NO
dbo,Activity_Bak,CreateDate,10,smalldatetime,NULL,NO
dbo,Activity_Bak,Deleted,11,int,NULL,NO
dbo,Activity_Bak,PREETS,12,varchar,100,YES
dbo,Activity_YEP,ID,1,int,NULL,NO
dbo,Activity_YEP,Name,2,varchar,100,NO
dbo,Activity_YEP,Description,3,varchar,250,YES
dbo,Activity_YEP,ActivityDate,4,smalldatetime,NULL,YES
dbo,Activity_YEP,StartDate,5,smalldatetime,NULL,YES
dbo,Activity_YEP,EndDate,6,smalldatetime,NULL,YES
dbo,Activity_YEP,SchoolID,7,int,NULL,NO
dbo,Activity_YEP,Closed,8,int,NULL,NO
dbo,Activity_YEP,Billed,9,int,NULL,NO
dbo,Activity_YEP,CreateDate,10,smalldatetime,NULL,NO
dbo,Activity_YEP,Deleted,11,int,NULL,NO
dbo,Activity_YEP,PREETS,12,varchar,100,YES
dbo,Activity_YEP,HSHTCoordinator,13,int,NULL,YES
dbo,ActivityDetails,ID,1,int,NULL,NO
dbo,ActivityDetails,ActivityID,2,int,NULL,NO
dbo,ActivityDetails,ActivityItemID,3,int,NULL,NO
dbo,ActivityDetails,Description,4,varchar,100,NO
dbo,ActivityDetails,HSHT,5,int,NULL,NO
dbo,ActivityDetails,HSHTCoordinator,6,varchar,100,YES
dbo,ActivityDetails,Other,7,int,NULL,NO
dbo,ActivityDetails,OtherDetail,8,varchar,50,YES
dbo,ActivityDetails_BAK,ID,1,int,NULL,NO
dbo,ActivityDetails_BAK,ActivityID,2,int,NULL,NO
dbo,ActivityDetails_BAK,ActivityItemID,3,int,NULL,NO
dbo,ActivityDetails_BAK,Description,4,varchar,100,NO
dbo,ActivityDetails_BAK,HSHT,5,int,NULL,NO
dbo,ActivityDetails_BAK,HSHTCoordinator,6,varchar,100,YES
dbo,ActivityDetails_BAK,Other,7,int,NULL,NO
dbo,ActivityDetails_BAK,OtherDetail,8,varchar,50,YES
dbo,ActivityDetails_YEP,ID,1,int,NULL,NO
dbo,ActivityDetails_YEP,ActivityID,2,int,NULL,NO
dbo,ActivityDetails_YEP,ActivityItemID,3,int,NULL,NO
dbo,ActivityDetails_YEP,Description,4,varchar,100,NO
dbo,ActivityDetails_YEP,HSHT,5,int,NULL,NO
dbo,ActivityDetails_YEP,HSHTCoordinator,6,varchar,100,YES
dbo,ActivityDetails_YEP,Other,7,int,NULL,NO
dbo,ActivityDetails_YEP,OtherDetail,8,varchar,50,YES
dbo,ActivityItems,ID,1,int,NULL,NO
dbo,ActivityItems,ActivityItemID,2,int,NULL,NO
dbo,ActivityItems,Group,3,varchar,200,YES
dbo,ActivityItems,Description,4,varchar,200,NO
dbo,ActivityItems,BillingCode,5,varchar,50,YES
dbo,ActivityItems,Enabled,6,int,NULL,YES
dbo,ActivityItems_Backup,ID,1,int,NULL,NO
dbo,ActivityItems_Backup,ActivityItemID,2,int,NULL,NO
dbo,ActivityItems_Backup,Description,3,varchar,200,NO
dbo,ActivityItems_Backup,BillingCode,4,varchar,50,YES
dbo,ActivityItems_BAK,ID,1,int,NULL,NO
dbo,ActivityItems_BAK,ActivityItemID,2,int,NULL,NO
dbo,ActivityItems_BAK,Group,3,varchar,200,YES
dbo,ActivityItems_BAK,Description,4,varchar,200,NO
dbo,ActivityItems_BAK,BillingCode,5,varchar,50,YES
dbo,ActivityItems_BAK,Enabled,6,int,NULL,YES
dbo,ActivityItems_YEP,ID,1,int,NULL,NO
dbo,ActivityItems_YEP,ActivityItemID,2,int,NULL,NO
dbo,ActivityItems_YEP,Group,3,varchar,200,YES
dbo,ActivityItems_YEP,Description,4,varchar,200,NO
dbo,ActivityItems_YEP,BillingCode,5,varchar,50,YES
dbo,ActivityItems_YEP,Enabled,6,int,NULL,YES
dbo,All_Schools,ID,1,int,NULL,NO
dbo,All_Schools,DID,2,varchar,50,NO
dbo,All_Schools,SchoolCode,3,varchar,10,NO
dbo,All_Schools,Name,4,varchar,150,NO
dbo,All_Schools,StreetAddress,5,varchar,150,NO
dbo,All_Schools,City,6,varchar,50,NO
dbo,All_Schools,State,7,varchar,50,NO
dbo,All_Schools,Zip,8,varchar,50,YES
dbo,All_Schools,SchoolType,9,varchar,50,YES
dbo,All_Schools,Active,10,varchar,1,NO
dbo,All_Schools,Notes,11,varchar,1000,YES
dbo,All_Schools,MailingAddress,12,varchar,150,YES
dbo,All_Schools,MailingCity,13,varchar,50,YES
dbo,All_Schools,MailingState,14,varchar,50,NO
dbo,All_Schools,MailingZip,15,varchar,50,YES
dbo,All_Schools,VRFirstName,16,varchar,50,YES
dbo,All_Schools,VRLastName,17,varchar,50,YES
dbo,All_Schools,VROffice,18,varchar,50,YES
dbo,All_Schools,VREmail,19,varchar,50,YES
dbo,All_Schools,LNFIrstName,20,varchar,50,YES
dbo,All_Schools,LNLastName,21,varchar,50,YES
dbo,All_Schools,LNOfficePhone,22,varchar,50,YES
dbo,All_Schools,LNOfficePhoneExt,23,varchar,10,YES
dbo,All_Schools,LNMobilePhone,24,varchar,50,YES
dbo,All_Schools,LNEmail,25,varchar,50,YES
dbo,All_Schools,SSLFirstName,26,varchar,50,YES
dbo,All_Schools,SSLLastName,27,varchar,50,YES
dbo,All_Schools,SSLOfficePhone,28,varchar,50,YES
dbo,All_Schools,SSLOfficePhoneExt,29,varchar,10,YES
dbo,All_Schools,SSLMobilePhone,30,varchar,50,YES
dbo,All_Schools,SSLEmail,31,varchar,50,YES
dbo,All_Schools,SS1,32,int,NULL,NO
dbo,All_Schools,SS2,33,int,NULL,NO
dbo,All_Schools,SS3,34,int,NULL,NO
dbo,All_Schools,SS4,35,int,NULL,NO
dbo,Audit,ID,1,int,NULL,NO
dbo,Audit,UserName,2,varchar,50,YES
dbo,Audit,Password,3,varchar,50,YES
dbo,Audit,IPAddress,4,varchar,50,YES
dbo,Audit,Notes,5,varchar,50,YES
dbo,Audit,LoginDate,6,smalldatetime,NULL,NO
dbo,AuditLog,ID,1,int,NULL,NO
dbo,AuditLog,LogDate,2,smalldatetime,NULL,NO
dbo,AuditLog,UserName,3,varchar,100,YES
dbo,AuditLog,LogEvent,4,varchar,150,YES
dbo,BillingCodes,ID,1,int,NULL,NO
dbo,BillingCodes,BillingCode,2,varchar,50,YES
dbo,BillingCodes,Fee,3,decimal,NULL,YES
dbo,BillingCodes,Active,4,int,NULL,NO
dbo,Coordinators,ID,1,int,NULL,NO
dbo,Coordinators,FirstName,2,varchar,50,YES
dbo,Coordinators,LastName,3,varchar,50,YES
dbo,Coordinators,Email,4,varchar,50,YES
dbo,Coordinators,Password,5,varchar,50,YES
dbo,Coordinators,Active,6,int,NULL,NO
dbo,Districts,ID,1,int,NULL,NO
dbo,Districts,DistrictID,2,varchar,50,YES
dbo,Districts,DistrictName,3,varchar,50,NO
dbo,Districts,County,4,varchar,100,NO
dbo,Districts,Active,5,varchar,1,NO
dbo,Districts,Notes,6,varchar,1000,YES
dbo,Districts,HSHTCoordinator,7,varchar,100,YES
dbo,Districts,VRQuadrant,8,varchar,100,YES
dbo,Districts,HSHTServiceArea,9,varchar,100,YES
dbo,EnrollmentForm,ID,1,int,NULL,NO
dbo,EnrollmentForm,SchoolID,2,int,NULL,NO
dbo,EnrollmentForm,FirstName,3,varchar,50,YES
dbo,EnrollmentForm,MiddleName,4,varchar,50,YES
dbo,EnrollmentForm,LastName,5,varchar,50,YES
dbo,EnrollmentForm,BirthDate,6,smalldatetime,NULL,YES
dbo,EnrollmentForm,Phone,7,varchar,50,YES
dbo,EnrollmentForm,EmailAddress,8,varchar,70,YES
dbo,EnrollmentForm,StreetAddress,9,varchar,150,YES
dbo,EnrollmentForm,City,10,varchar,50,YES
dbo,EnrollmentForm,State,11,varchar,50,YES
dbo,EnrollmentForm,Zip,12,varchar,50,YES
dbo,EnrollmentForm,County,13,varchar,50,YES
dbo,EnrollmentForm,Active,14,varchar,1,NO
dbo,EnrollmentForm,Gender,15,varchar,50,YES
dbo,EnrollmentForm,Race,16,varchar,50,YES
dbo,EnrollmentForm,RaceOther,17,varchar,50,YES
dbo,EnrollmentForm,EthnicHeritage,18,varchar,50,YES
dbo,EnrollmentForm,Autism,19,char,1,NO
dbo,EnrollmentForm,Aspergers,20,char,1,NO
dbo,EnrollmentForm,Deaf,21,char,1,NO
dbo,EnrollmentForm,EBD,22,char,1,NO
dbo,EnrollmentForm,Mobility,23,char,1,NO
dbo,EnrollmentForm,OHI,24,char,1,NO
dbo,EnrollmentForm,Orthepedic,25,char,1,NO
dbo,EnrollmentForm,Speech,26,char,1,NO
dbo,EnrollmentForm,SLD,27,char,1,NO
dbo,EnrollmentForm,Spinal,28,char,1,NO
dbo,EnrollmentForm,TBI,29,char,1,NO
dbo,EnrollmentForm,Visual,30,char,1,NO
dbo,EnrollmentForm,OtherDisability,31,char,1,NO
dbo,EnrollmentForm,OtherInfo,32,nchar,50,YES
dbo,EnrollmentForm,Grade,33,nchar,10,YES
dbo,EnrollmentForm,EnterDate,34,varchar,50,YES
dbo,EnrollmentForm,Graduated,35,char,1,NO
dbo,EnrollmentForm,GraduateDate,36,smalldatetime,NULL,YES
dbo,EnrollmentForm,EmploymentDate,37,smalldatetime,NULL,YES
dbo,EnrollmentForm,Employment,38,varchar,50,YES
dbo,EnrollmentForm,EIP,39,char,1,NO
dbo,EnrollmentForm,VRC,40,varchar,50,YES
dbo,EnrollmentForm,HSHTCoordinator,41,varchar,50,YES
dbo,EnrollmentForm,ReportableStudent,42,char,1,NO
dbo,EnrollmentForm,504,43,char,1,NO
dbo,EnrollmentForm,CreateDate,44,smalldatetime,NULL,NO
dbo,EnrollmentForm,SignatureStudent,45,varchar,100,NO
dbo,EnrollmentForm,SignatureParent,46,varchar,100,NO
dbo,EnrollmentFormHistory,ID,1,int,NULL,NO
dbo,EnrollmentFormHistory,StudentID,2,int,NULL,NO
dbo,EnrollmentFormHistory,HistoryDate,3,smalldatetime,NULL,NO
dbo,EnrollmentFormHistory,HistoryEvent,4,varchar,50,NO
dbo,InvoiceItems,ID,1,int,NULL,NO
dbo,InvoiceItems,InvoiceID,2,int,NULL,NO
dbo,InvoiceItems,ActivityID,3,int,NULL,NO
dbo,InvoiceItems,ActivityDetailsID,4,int,NULL,NO
dbo,InvoiceItems,BillingCodeID,5,int,NULL,YES
dbo,InvoiceItems,Fee,6,decimal,NULL,YES
dbo,InvoiceItems,Quantity,7,decimal,NULL,YES
dbo,InvoiceItems,Billed,8,int,NULL,NO
dbo,InvoiceItems,Deleted,9,int,NULL,NO
dbo,Invoices,ID,1,int,NULL,NO
dbo,Invoices,InvoiceDate,2,smalldatetime,NULL,NO
dbo,Invoices,StartDate,3,smalldatetime,NULL,YES
dbo,Invoices,EndDate,4,smalldatetime,NULL,YES
dbo,Invoices,ActivityID,5,int,NULL,YES
dbo,Invoices,TotalAmount,6,decimal,NULL,YES
dbo,Invoices,Closed,7,int,NULL,YES
dbo,Invoices,Status,8,varchar,20,YES
dbo,Invoices_BAK,ID,1,int,NULL,NO
dbo,Invoices_BAK,InvoiceDate,2,smalldatetime,NULL,NO
dbo,Invoices_BAK,StartDate,3,smalldatetime,NULL,YES
dbo,Invoices_BAK,EndDate,4,smalldatetime,NULL,YES
dbo,Invoices_BAK,ActivityID,5,int,NULL,YES
dbo,Invoices_BAK,TotalAmount,6,decimal,NULL,YES
dbo,Invoices_YEP,ID,1,int,NULL,NO
dbo,Invoices_YEP,InvoiceDate,2,smalldatetime,NULL,NO
dbo,Invoices_YEP,StartDate,3,smalldatetime,NULL,YES
dbo,Invoices_YEP,EndDate,4,smalldatetime,NULL,YES
dbo,Invoices_YEP,ActivityID,5,int,NULL,YES
dbo,Invoices_YEP,TotalAmount,6,decimal,NULL,YES
dbo,Invoices_YEP,Closed,7,int,NULL,YES
dbo,Invoices_YEP,Status,8,varchar,20,YES
dbo,Report_Activity_District,ID,1,int,NULL,NO
dbo,Report_Activity_District,Name,2,varchar,100,NO
dbo,Report_Activity_District,Description,3,varchar,250,YES
dbo,Report_Activity_District,ActivityDate,4,smalldatetime,NULL,YES
dbo,Report_Activity_District,StartDate,5,smalldatetime,NULL,YES
dbo,Report_Activity_District,EndDate,6,smalldatetime,NULL,YES
dbo,Report_Activity_District,SchoolID,7,int,NULL,NO
dbo,Report_Activity_District,DID,8,int,NULL,NO
dbo,Report_Activity_District,Closed,9,int,NULL,NO
dbo,Report_Activity_District,Billed,10,int,NULL,NO
dbo,Report_Activity_District,CreateDate,11,smalldatetime,NULL,NO
dbo,Report_Activity_District,Deleted,12,int,NULL,NO
dbo,Report_Activity_District,PREETS,13,varchar,100,YES
dbo,Report_Activity_District,HSHTCoordinator,14,int,NULL,YES
dbo,Report_Custom_Activity_1,Name,1,varchar,100,NO
dbo,Report_Custom_Activity_1,Description,2,varchar,250,YES
dbo,Report_Custom_Activity_1,ActivityDate,3,smalldatetime,NULL,YES
dbo,Report_Custom_Activity_1,SchoolID,4,int,NULL,NO
dbo,Report_Custom_Activity_1,StudentID,5,int,NULL,NO
dbo,Report_Custom_Activity_2,Name,1,varchar,100,NO
dbo,Report_Custom_Activity_2,Description,2,varchar,250,YES
dbo,Report_Custom_Activity_2,ActivityDate,3,smalldatetime,NULL,YES
dbo,Report_Custom_Activity_2,SchoolID,4,int,NULL,NO
dbo,Report_Custom_Activity_2,TotalStudents,5,int,NULL,NO
dbo,Report_Custom_Activity_3,Name,1,varchar,100,NO
dbo,Report_Custom_Activity_3,Description,2,varchar,250,YES
dbo,Report_Custom_Activity_3,ActivityDate,3,smalldatetime,NULL,YES
dbo,Report_Custom_Activity_3,SchoolID,4,int,NULL,NO
dbo,Report_Custom_Activity_3,StudentID,5,int,NULL,NO
dbo,Report_Custom_Activity_3,StudentFirstName,6,varchar,100,NO
dbo,Report_Custom_Activity_3,StudentMiddleName,7,varchar,100,NO
dbo,Report_Custom_Activity_3,StudentLastName,8,varchar,100,NO
dbo,Report_Custom_Activity_4,StudentID,1,int,NULL,NO
dbo,Report_Custom_Activity_4,StudentFirstName,2,varchar,100,NO
dbo,Report_Custom_Activity_4,StudentMiddleName,3,varchar,100,NO
dbo,Report_Custom_Activity_4,StudentLastName,4,varchar,100,NO
dbo,Report_Custom_Activity_4,SchoolID,5,int,NULL,NO
dbo,Report_Custom_Activity_4,SchoolName,6,varchar,100,NO
dbo,Report-District-School-Activity-Student,DistrictName,1,varchar,50,NO
dbo,Report-District-School-Activity-Student,Name,2,varchar,150,NO
dbo,Report-District-School-Activity-Student,Description,3,varchar,100,NO
dbo,Report-District-School-Activity-Student,FirstName,4,varchar,50,YES
dbo,Report-District-School-Activity-Student,MiddleName,5,varchar,50,YES
dbo,Report-District-School-Activity-Student,LastName,6,varchar,50,YES
dbo,Report-Race-Sex,DistrictName,1,varchar,50,NO
dbo,Report-Race-Sex,Name,2,varchar,150,NO
dbo,Report-Race-Sex,FirstName,3,varchar,50,YES
dbo,Report-Race-Sex,MiddleName,4,varchar,50,YES
dbo,Report-Race-Sex,LastName,5,varchar,50,YES
dbo,Schools,ID,1,int,NULL,NO
dbo,Schools,DID,2,varchar,50,NO
dbo,Schools,SchoolCode,3,varchar,10,NO
dbo,Schools,Name,4,varchar,150,NO
dbo,Schools,StreetAddress,5,varchar,150,NO
dbo,Schools,City,6,varchar,50,NO
dbo,Schools,State,7,varchar,50,NO
dbo,Schools,Zip,8,varchar,50,YES
dbo,Schools,SchoolType,9,varchar,50,YES
dbo,Schools,Active,10,varchar,1,NO
dbo,Schools,Notes,11,varchar,1000,YES
dbo,Schools,MailingAddress,12,varchar,150,YES
dbo,Schools,MailingCity,13,varchar,50,YES
dbo,Schools,MailingState,14,varchar,50,NO
dbo,Schools,MailingZip,15,varchar,50,YES
dbo,Schools,VRFirstName,16,varchar,50,YES
dbo,Schools,VRLastName,17,varchar,50,YES
dbo,Schools,VROffice,18,varchar,50,YES
dbo,Schools,VREmail,19,varchar,50,YES
dbo,Schools,LNFIrstName,20,varchar,50,YES
dbo,Schools,LNLastName,21,varchar,50,YES
dbo,Schools,LNOfficePhone,22,varchar,50,YES
dbo,Schools,LNOfficePhoneExt,23,varchar,10,YES
dbo,Schools,LNMobilePhone,24,varchar,50,YES
dbo,Schools,LNEmail,25,varchar,50,YES
dbo,Schools,SSLFirstName,26,varchar,50,YES
dbo,Schools,SSLLastName,27,varchar,50,YES
dbo,Schools,SSLOfficePhone,28,varchar,50,YES
dbo,Schools,SSLOfficePhoneExt,29,varchar,10,YES
dbo,Schools,SSLMobilePhone,30,varchar,50,YES
dbo,Schools,SSLEmail,31,varchar,50,YES
dbo,Schools,SS1,32,int,NULL,NO
dbo,Schools,SS2,33,int,NULL,NO
dbo,Schools,SS3,34,int,NULL,NO
dbo,Schools,SS4,35,int,NULL,NO
dbo,SchoolYear,ID,1,int,NULL,NO
dbo,SchoolYear,SchoolYear,2,varchar,50,YES
dbo,SchoolYear,BeginDate,3,smalldatetime,NULL,YES
dbo,SchoolYear,EndDate,4,smalldatetime,NULL,YES
dbo,StudentActivity,ID,1,int,NULL,NO
dbo,StudentActivity,ActivityID,2,int,NULL,NO
dbo,StudentActivity,StudentID,3,int,NULL,NO
dbo,StudentActivity,Status,4,int,NULL,NO
dbo,StudentActivity,Billed,5,int,NULL,NO
dbo,StudentActivity,BillDate,6,smalldatetime,NULL,YES
dbo,StudentActivity,CreateDate,7,smalldatetime,NULL,NO
dbo,StudentActivity,Deleted,8,int,NULL,NO
dbo,StudentActivity,InvoiceID,9,int,NULL,YES
dbo,StudentActivity,SchoolID,10,int,NULL,NO
dbo,StudentActivity_YEP,ID,1,int,NULL,NO
dbo,StudentActivity_YEP,ActivityID,2,int,NULL,NO
dbo,StudentActivity_YEP,StudentID,3,int,NULL,NO
dbo,StudentActivity_YEP,Status,4,int,NULL,NO
dbo,StudentActivity_YEP,Billed,5,int,NULL,NO
dbo,StudentActivity_YEP,BillDate,6,smalldatetime,NULL,YES
dbo,StudentActivity_YEP,CreateDate,7,smalldatetime,NULL,NO
dbo,StudentActivity_YEP,Deleted,8,int,NULL,NO
dbo,StudentActivity_YEP,InvoiceID,9,int,NULL,YES
dbo,StudentActivity_YEP,SchoolID,10,int,NULL,NO
dbo,StudentArchive,ID,1,int,NULL,NO
dbo,StudentArchive,StudentID,2,int,NULL,NO
dbo,StudentArchive,SchoolYear,3,varchar,20,YES
dbo,StudentArchive,SchoolID,4,int,NULL,NO
dbo,StudentArchive,FirstName,5,varchar,50,YES
dbo,StudentArchive,MiddleName,6,varchar,50,YES
dbo,StudentArchive,LastName,7,varchar,50,YES
dbo,StudentArchive,BirthDate,8,smalldatetime,NULL,YES
dbo,StudentArchive,Phone,9,varchar,50,YES
dbo,StudentArchive,EmailAddress,10,varchar,70,YES
dbo,StudentArchive,StreetAddress,11,varchar,150,YES
dbo,StudentArchive,City,12,varchar,50,YES
dbo,StudentArchive,State,13,varchar,50,YES
dbo,StudentArchive,Zip,14,varchar,50,YES
dbo,StudentArchive,County,15,varchar,50,YES
dbo,StudentArchive,Active,16,varchar,1,NO
dbo,StudentArchive,Gender,17,varchar,50,YES
dbo,StudentArchive,Race,18,varchar,50,YES
dbo,StudentArchive,RaceOther,19,varchar,50,YES
dbo,StudentArchive,EthnicHeritage,20,varchar,50,YES
dbo,StudentArchive,Autism,21,char,1,NO
dbo,StudentArchive,Aspergers,22,char,1,NO
dbo,StudentArchive,Deaf,23,char,1,NO
dbo,StudentArchive,EBD,24,char,1,NO
dbo,StudentArchive,Mobility,25,char,1,NO
dbo,StudentArchive,OHI,26,char,1,NO
dbo,StudentArchive,Orthepedic,27,char,1,NO
dbo,StudentArchive,Speech,28,char,1,NO
dbo,StudentArchive,SLD,29,char,1,NO
dbo,StudentArchive,Spinal,30,char,1,NO
dbo,StudentArchive,TBI,31,char,1,NO
dbo,StudentArchive,Visual,32,char,1,NO
dbo,StudentArchive,OtherDisability,33,char,1,NO
dbo,StudentArchive,OtherInfo,34,nchar,50,YES
dbo,StudentArchive,Grade,35,nchar,10,YES
dbo,StudentArchive,EnterDate,36,varchar,50,YES
dbo,StudentArchive,Graduated,37,char,1,NO
dbo,StudentArchive,GraduateDate,38,smalldatetime,NULL,YES
dbo,StudentArchive,EmploymentDate,39,smalldatetime,NULL,YES
dbo,StudentArchive,Employment,40,varchar,50,YES
dbo,StudentArchive,EIP,41,char,1,NO
dbo,StudentArchive,VRC,42,varchar,50,YES
dbo,StudentArchive,HSHTCoordinator,43,varchar,50,YES
dbo,StudentArchive,ReportableStudent,44,char,1,NO
dbo,StudentArchive,504,45,char,1,NO
dbo,StudentArchive,ReceivedForm,46,char,1,NO
dbo,StudentArchive,VocationalRehab,47,char,1,NO
dbo,StudentArchive,ReportableCheck,48,char,1,NO
dbo,StudentArchive,VRCaseloadCheck,49,char,1,NO
dbo,StudentArchive,EnrollDate,50,smalldatetime,NULL,YES
dbo,StudentArchive,CreateDate,51,smalldatetime,NULL,NO
dbo,StudentArchive.BAK,ID,1,int,NULL,NO
dbo,StudentArchive.BAK,StudentID,2,int,NULL,NO
dbo,StudentArchive.BAK,SchoolYear,3,varchar,20,YES
dbo,StudentArchive.BAK,SchoolID,4,int,NULL,NO
dbo,StudentArchive.BAK,FirstName,5,varchar,50,YES
dbo,StudentArchive.BAK,MiddleName,6,varchar,50,YES
dbo,StudentArchive.BAK,LastName,7,varchar,50,YES
dbo,StudentArchive.BAK,BirthDate,8,smalldatetime,NULL,YES
dbo,StudentArchive.BAK,Phone,9,varchar,50,YES
dbo,StudentArchive.BAK,EmailAddress,10,varchar,70,YES
dbo,StudentArchive.BAK,StreetAddress,11,varchar,150,YES
dbo,StudentArchive.BAK,City,12,varchar,50,YES
dbo,StudentArchive.BAK,State,13,varchar,50,YES
dbo,StudentArchive.BAK,Zip,14,varchar,50,YES
dbo,StudentArchive.BAK,County,15,varchar,50,YES
dbo,StudentArchive.BAK,Active,16,varchar,1,NO
dbo,StudentArchive.BAK,Gender,17,varchar,50,YES
dbo,StudentArchive.BAK,Race,18,varchar,50,YES
dbo,StudentArchive.BAK,RaceOther,19,varchar,50,YES
dbo,StudentArchive.BAK,EthnicHeritage,20,varchar,50,YES
dbo,StudentArchive.BAK,Autism,21,char,1,NO
dbo,StudentArchive.BAK,Aspergers,22,char,1,NO
dbo,StudentArchive.BAK,Deaf,23,char,1,NO
dbo,StudentArchive.BAK,EBD,24,char,1,NO
dbo,StudentArchive.BAK,Mobility,25,char,1,NO
dbo,StudentArchive.BAK,OHI,26,char,1,NO
dbo,StudentArchive.BAK,Orthepedic,27,char,1,NO
dbo,StudentArchive.BAK,Speech,28,char,1,NO
dbo,StudentArchive.BAK,SLD,29,char,1,NO
dbo,StudentArchive.BAK,Spinal,30,char,1,NO
dbo,StudentArchive.BAK,TBI,31,char,1,NO
dbo,StudentArchive.BAK,Visual,32,char,1,NO
dbo,StudentArchive.BAK,OtherDisability,33,char,1,NO
dbo,StudentArchive.BAK,OtherInfo,34,nchar,50,YES
dbo,StudentArchive.BAK,Grade,35,nchar,10,YES
dbo,StudentArchive.BAK,EnterDate,36,varchar,50,YES
dbo,StudentArchive.BAK,Graduated,37,char,1,NO
dbo,StudentArchive.BAK,GraduateDate,38,smalldatetime,NULL,YES
dbo,StudentArchive.BAK,EmploymentDate,39,smalldatetime,NULL,YES
dbo,StudentArchive.BAK,Employment,40,varchar,50,YES
dbo,StudentArchive.BAK,EIP,41,char,1,NO
dbo,StudentArchive.BAK,VRC,42,varchar,50,YES
dbo,StudentArchive.BAK,HSHTCoordinator,43,varchar,50,YES
dbo,StudentArchive.BAK,ReportableStudent,44,char,1,NO
dbo,StudentArchive.BAK,504,45,char,1,NO
dbo,StudentArchive.BAK,ReceivedForm,46,char,1,NO
dbo,StudentArchive.BAK,VocationalRehab,47,char,1,NO
dbo,StudentArchive.BAK,ReportableCheck,48,char,1,NO
dbo,StudentArchive.BAK,VRCaseloadCheck,49,char,1,NO
dbo,StudentArchive.BAK,EnrollDate,50,smalldatetime,NULL,YES
dbo,StudentArchive.BAK,CreateDate,51,smalldatetime,NULL,NO
dbo,StudentEnrollmentForm,ID,1,int,NULL,NO
dbo,StudentEnrollmentForm,SchoolID,2,int,NULL,NO
dbo,StudentEnrollmentForm,FirstName,3,varchar,50,YES
dbo,StudentEnrollmentForm,MiddleName,4,varchar,50,YES
dbo,StudentEnrollmentForm,LastName,5,varchar,50,YES
dbo,StudentEnrollmentForm,BirthDate,6,smalldatetime,NULL,YES
dbo,StudentEnrollmentForm,Phone,7,varchar,50,YES
dbo,StudentEnrollmentForm,EmailAddress,8,varchar,70,YES
dbo,StudentEnrollmentForm,StreetAddress,9,varchar,150,YES
dbo,StudentEnrollmentForm,City,10,varchar,50,YES
dbo,StudentEnrollmentForm,State,11,varchar,50,YES
dbo,StudentEnrollmentForm,Zip,12,varchar,50,YES
dbo,StudentEnrollmentForm,County,13,varchar,50,YES
dbo,StudentEnrollmentForm,Active,14,varchar,1,NO
dbo,StudentEnrollmentForm,Gender,15,varchar,50,YES
dbo,StudentEnrollmentForm,Race,16,varchar,50,YES
dbo,StudentEnrollmentForm,RaceOther,17,varchar,50,YES
dbo,StudentEnrollmentForm,EthnicHeritage,18,varchar,50,YES
dbo,StudentEnrollmentForm,Autism,19,char,1,NO
dbo,StudentEnrollmentForm,Aspergers,20,char,1,NO
dbo,StudentEnrollmentForm,Deaf,21,char,1,NO
dbo,StudentEnrollmentForm,EBD,22,char,1,NO
dbo,StudentEnrollmentForm,Mobility,23,char,1,NO
dbo,StudentEnrollmentForm,OHI,24,char,1,NO
dbo,StudentEnrollmentForm,Orthepedic,25,char,1,NO
dbo,StudentEnrollmentForm,Speech,26,char,1,NO
dbo,StudentEnrollmentForm,SLD,27,char,1,NO
dbo,StudentEnrollmentForm,Spinal,28,char,1,NO
dbo,StudentEnrollmentForm,TBI,29,char,1,NO
dbo,StudentEnrollmentForm,Visual,30,char,1,NO
dbo,StudentEnrollmentForm,OtherDisability,31,char,1,NO
dbo,StudentEnrollmentForm,OtherInfo,32,nchar,50,YES
dbo,StudentEnrollmentForm,Grade,33,nchar,10,YES
dbo,StudentEnrollmentForm,EnterDate,34,varchar,50,YES
dbo,StudentEnrollmentForm,Graduated,35,char,1,NO
dbo,StudentEnrollmentForm,GraduateDate,36,smalldatetime,NULL,YES
dbo,StudentEnrollmentForm,EmploymentDate,37,smalldatetime,NULL,YES
dbo,StudentEnrollmentForm,Employment,38,varchar,50,YES
dbo,StudentEnrollmentForm,EIP,39,char,1,NO
dbo,StudentEnrollmentForm,VRC,40,varchar,50,YES
dbo,StudentEnrollmentForm,HSHTCoordinator,41,varchar,50,YES
dbo,StudentEnrollmentForm,ReportableStudent,42,char,1,NO
dbo,StudentEnrollmentForm,504,43,char,1,NO
dbo,StudentEnrollmentForm,ReceivedForm,44,char,1,NO
dbo,StudentEnrollmentForm,VocationalRehab,45,char,1,NO
dbo,StudentEnrollmentForm,ReportableCheck,46,char,1,NO
dbo,StudentEnrollmentForm,VRCaseloadCheck,47,char,1,NO
dbo,StudentEnrollmentForm,EnrollDate,48,smalldatetime,NULL,YES
dbo,StudentEnrollmentForm,CreateDate,49,smalldatetime,NULL,NO
dbo,StudentEquipment,ID,1,int,NULL,NO
dbo,StudentEquipment,StudentID,2,int,NULL,NO
dbo,StudentEquipment,EquipmentType,3,char,20,YES
dbo,StudentEquipment,ModelNumber,4,nchar,100,YES
dbo,StudentEquipment,SerialNumber,5,nchar,100,YES
dbo,StudentEquipment,DateIssued,6,smalldatetime,NULL,YES
dbo,StudentEquipment,AssistiveTechnology,7,nchar,50,YES
dbo,StudentHistory,ID,1,int,NULL,NO
dbo,StudentHistory,StudentID,2,int,NULL,NO
dbo,StudentHistory,HistoryDate,3,smalldatetime,NULL,NO
dbo,StudentHistory,HistoryEvent,4,varchar,50,NO
dbo,StudentHistory_YEP,ID,1,int,NULL,NO
dbo,StudentHistory_YEP,StudentID,2,int,NULL,NO
dbo,StudentHistory_YEP,HistoryDate,3,smalldatetime,NULL,NO
dbo,StudentHistory_YEP,HistoryEvent,4,varchar,50,NO
dbo,StudentInvoiceItems,ID,1,int,NULL,NO
dbo,StudentInvoiceItems,StudentID,2,int,NULL,NO
dbo,StudentInvoiceItems,InvoiceID,3,int,NULL,NO
dbo,StudentInvoiceItems,ActivityID,4,int,NULL,NO
dbo,StudentInvoiceItems,ActivityDetailsID,5,int,NULL,NO
dbo,StudentInvoiceItems,BillingCodeID,6,int,NULL,YES
dbo,StudentInvoiceItems,Fee,7,decimal,NULL,YES
dbo,StudentInvoiceItems,Quantity,8,decimal,NULL,YES
dbo,StudentInvoiceItems,Billed,9,int,NULL,NO
dbo,StudentInvoiceItems,Deleted,10,int,NULL,NO
dbo,StudentInvoiceItems_YEP,ID,1,int,NULL,NO
dbo,StudentInvoiceItems_YEP,StudentID,2,int,NULL,NO
dbo,StudentInvoiceItems_YEP,InvoiceID,3,int,NULL,NO
dbo,StudentInvoiceItems_YEP,ActivityID,4,int,NULL,NO
dbo,StudentInvoiceItems_YEP,ActivityDetailsID,5,int,NULL,NO
dbo,StudentInvoiceItems_YEP,BillingCodeID,6,int,NULL,YES
dbo,StudentInvoiceItems_YEP,Fee,7,decimal,NULL,YES
dbo,StudentInvoiceItems_YEP,Quantity,8,decimal,NULL,YES
dbo,StudentInvoiceItems_YEP,Billed,9,int,NULL,NO
dbo,StudentInvoiceItems_YEP,Deleted,10,int,NULL,NO
dbo,StudentNotes,ID,1,int,NULL,NO
dbo,StudentNotes,StudentID,2,int,NULL,NO
dbo,StudentNotes,NoteDate,3,smalldatetime,NULL,NO
dbo,StudentNotes,Note,4,nvarchar,2000,YES
dbo,StudentOutcome,ID,1,int,NULL,NO
dbo,StudentOutcome,StudentID,2,int,NULL,NO
dbo,StudentOutcome,Graduated,3,char,1,YES
dbo,StudentOutcome,GraduateDate,4,smalldatetime,NULL,YES
dbo,StudentOutcome,Employment,5,nchar,100,YES
dbo,StudentOutcome,EmploymentDate,6,smalldatetime,NULL,YES
dbo,StudentOutcome,PostSecondary,7,nchar,50,YES
dbo,StudentOutcome,PSDate,8,smalldatetime,NULL,YES
dbo,StudentOutcome-BAK,ID,1,int,NULL,NO
dbo,StudentOutcome-BAK,StudentID,2,int,NULL,NO
dbo,StudentOutcome-BAK,Graduated,3,char,1,YES
dbo,StudentOutcome-BAK,GraduateDate,4,nchar,50,YES
dbo,StudentOutcome-BAK,Employment,5,nchar,100,YES
dbo,StudentOutcome-BAK,EmploymentDate,6,nchar,50,YES
dbo,StudentOutcome-BAK,PostSecondary,7,nchar,50,YES
dbo,StudentOutcome-BAK,PSDate,8,nchar,50,YES
dbo,StudentParticipationID,StudentID,1,int,NULL,NO
dbo,StudentParticipationID,ParticipationID,2,int,NULL,NO
dbo,StudentProgramCode,ID,1,int,NULL,NO
dbo,StudentProgramCode,StudentID,2,int,NULL,NO
dbo,StudentProgramCode,ProgramCode,3,varchar,50,NO
dbo,Students,ID,1,int,NULL,NO
dbo,Students,SchoolID,2,int,NULL,NO
dbo,Students,FirstName,3,varchar,50,YES
dbo,Students,MiddleName,4,varchar,50,YES
dbo,Students,LastName,5,varchar,50,YES
dbo,Students,BirthDate,6,smalldatetime,NULL,YES
dbo,Students,Phone,7,varchar,50,YES
dbo,Students,EmailAddress,8,varchar,70,YES
dbo,Students,StreetAddress,9,varchar,150,YES
dbo,Students,City,10,varchar,50,YES
dbo,Students,State,11,varchar,50,YES
dbo,Students,Zip,12,varchar,50,YES
dbo,Students,County,13,varchar,50,YES
dbo,Students,Active,14,varchar,1,NO
dbo,Students,Gender,15,varchar,50,YES
dbo,Students,Race,16,varchar,50,YES
dbo,Students,RaceOther,17,varchar,50,YES
dbo,Students,EthnicHeritage,18,varchar,50,YES
dbo,Students,Autism,19,char,1,NO
dbo,Students,Aspergers,20,char,1,NO
dbo,Students,Deaf,21,char,1,NO
dbo,Students,EBD,22,char,1,NO
dbo,Students,Mobility,23,char,1,NO
dbo,Students,OHI,24,char,1,NO
dbo,Students,Orthepedic,25,char,1,NO
dbo,Students,Speech,26,char,1,NO
dbo,Students,SLD,27,char,1,NO
dbo,Students,Spinal,28,char,1,NO
dbo,Students,TBI,29,char,1,NO
dbo,Students,Visual,30,char,1,NO
dbo,Students,OtherDisability,31,char,1,NO
dbo,Students,OtherInfo,32,nchar,50,YES
dbo,Students,Grade,33,nchar,10,YES
dbo,Students,EnterDate,34,varchar,50,YES
dbo,Students,Graduated,35,char,1,NO
dbo,Students,GraduateDate,36,smalldatetime,NULL,YES
dbo,Students,EmploymentDate,37,smalldatetime,NULL,YES
dbo,Students,Employment,38,varchar,50,YES
dbo,Students,EIP,39,char,1,NO
dbo,Students,VRC,40,varchar,50,YES
dbo,Students,HSHTCoordinator,41,varchar,50,YES
dbo,Students,ReportableStudent,42,char,1,NO
dbo,Students,504,43,char,1,NO
dbo,Students,ReceivedForm,44,char,1,NO
dbo,Students,VocationalRehab,45,char,1,NO
dbo,Students,ReportableCheck,46,char,1,NO
dbo,Students,VRCaseloadCheck,47,char,1,NO
dbo,Students,EnrollDate,48,smalldatetime,NULL,NO
dbo,Students,CreateDate,49,smalldatetime,NULL,NO
dbo,Students.BAK,ID,1,int,NULL,NO
dbo,Students.BAK,SchoolID,2,int,NULL,NO
dbo,Students.BAK,FirstName,3,varchar,50,YES
dbo,Students.BAK,MiddleName,4,varchar,50,YES
dbo,Students.BAK,LastName,5,varchar,50,YES
dbo,Students.BAK,BirthDate,6,smalldatetime,NULL,YES
dbo,Students.BAK,Phone,7,varchar,50,YES
dbo,Students.BAK,EmailAddress,8,varchar,70,YES
dbo,Students.BAK,StreetAddress,9,varchar,150,YES
dbo,Students.BAK,City,10,varchar,50,YES
dbo,Students.BAK,State,11,varchar,50,YES
dbo,Students.BAK,Zip,12,varchar,50,YES
dbo,Students.BAK,County,13,varchar,50,YES
dbo,Students.BAK,Active,14,varchar,1,NO
dbo,Students.BAK,Gender,15,varchar,50,YES
dbo,Students.BAK,Race,16,varchar,50,YES
dbo,Students.BAK,RaceOther,17,varchar,50,YES
dbo,Students.BAK,EthnicHeritage,18,varchar,50,YES
dbo,Students.BAK,Autism,19,char,1,NO
dbo,Students.BAK,Aspergers,20,char,1,NO
dbo,Students.BAK,Deaf,21,char,1,NO
dbo,Students.BAK,EBD,22,char,1,NO
dbo,Students.BAK,Mobility,23,char,1,NO
dbo,Students.BAK,OHI,24,char,1,NO
dbo,Students.BAK,Orthepedic,25,char,1,NO
dbo,Students.BAK,Speech,26,char,1,NO
dbo,Students.BAK,SLD,27,char,1,NO
dbo,Students.BAK,Spinal,28,char,1,NO
dbo,Students.BAK,TBI,29,char,1,NO
dbo,Students.BAK,Visual,30,char,1,NO
dbo,Students.BAK,OtherDisability,31,char,1,NO
dbo,Students.BAK,OtherInfo,32,nchar,50,YES
dbo,Students.BAK,Grade,33,nchar,10,YES
dbo,Students.BAK,EnterDate,34,varchar,50,YES
dbo,Students.BAK,Graduated,35,char,1,NO
dbo,Students.BAK,GraduateDate,36,smalldatetime,NULL,YES
dbo,Students.BAK,EmploymentDate,37,smalldatetime,NULL,YES
dbo,Students.BAK,Employment,38,varchar,50,YES
dbo,Students.BAK,EIP,39,char,1,NO
dbo,Students.BAK,VRC,40,varchar,50,YES
dbo,Students.BAK,HSHTCoordinator,41,varchar,50,YES
dbo,Students.BAK,ReportableStudent,42,char,1,NO
dbo,Students.BAK,504,43,char,1,NO
dbo,Students.BAK,ReceivedForm,44,char,1,NO
dbo,Students.BAK,VocationalRehab,45,char,1,NO
dbo,Students.BAK,ReportableCheck,46,char,1,NO
dbo,Students.BAK,VRCaseloadCheck,47,char,1,NO
dbo,Students.BAK,EnrollDate,48,smalldatetime,NULL,NO
dbo,Students.BAK,CreateDate,49,smalldatetime,NULL,NO
dbo,Students_YEP,ID,1,int,NULL,NO
dbo,Students_YEP,SchoolID,2,int,NULL,NO
dbo,Students_YEP,FirstName,3,varchar,50,YES
dbo,Students_YEP,MiddleName,4,varchar,50,YES
dbo,Students_YEP,LastName,5,varchar,50,YES
dbo,Students_YEP,BirthDate,6,smalldatetime,NULL,YES
dbo,Students_YEP,Phone,7,varchar,50,YES
dbo,Students_YEP,EmailAddress,8,varchar,70,YES
dbo,Students_YEP,StreetAddress,9,varchar,150,YES
dbo,Students_YEP,City,10,varchar,50,YES
dbo,Students_YEP,State,11,varchar,50,YES
dbo,Students_YEP,Zip,12,varchar,50,YES
dbo,Students_YEP,County,13,varchar,50,YES
dbo,Students_YEP,Active,14,varchar,1,NO
dbo,Students_YEP,Gender,15,varchar,50,YES
dbo,Students_YEP,Race,16,varchar,50,YES
dbo,Students_YEP,RaceOther,17,varchar,50,YES
dbo,Students_YEP,EthnicHeritage,18,varchar,50,YES
dbo,Students_YEP,Autism,19,char,1,NO
dbo,Students_YEP,Aspergers,20,char,1,NO
dbo,Students_YEP,Deaf,21,char,1,NO
dbo,Students_YEP,EBD,22,char,1,NO
dbo,Students_YEP,Mobility,23,char,1,NO
dbo,Students_YEP,OHI,24,char,1,NO
dbo,Students_YEP,Orthepedic,25,char,1,NO
dbo,Students_YEP,Speech,26,char,1,NO
dbo,Students_YEP,SLD,27,char,1,NO
dbo,Students_YEP,Spinal,28,char,1,NO
dbo,Students_YEP,TBI,29,char,1,NO
dbo,Students_YEP,MID,30,char,1,NO
dbo,Students_YEP,Visual,31,char,1,NO
dbo,Students_YEP,OtherDisability,32,char,1,NO
dbo,Students_YEP,OtherInfo,33,nchar,50,YES
dbo,Students_YEP,Grade,34,nchar,10,YES
dbo,Students_YEP,EnterDate,35,varchar,50,YES
dbo,Students_YEP,Graduated,36,char,1,NO
dbo,Students_YEP,GraduateDate,37,smalldatetime,NULL,YES
dbo,Students_YEP,EmploymentDate,38,smalldatetime,NULL,YES
dbo,Students_YEP,Employment,39,varchar,50,YES
dbo,Students_YEP,EIP,40,char,1,NO
dbo,Students_YEP,VRC,41,varchar,50,YES
dbo,Students_YEP,HSHTCoordinator,42,varchar,50,YES
dbo,Students_YEP,ReportableStudent,43,char,1,NO
dbo,Students_YEP,504,44,char,1,NO
dbo,Students_YEP,ReceivedForm,45,char,1,NO
dbo,Students_YEP,VocationalRehab,46,char,1,NO
dbo,Students_YEP,ReportableCheck,47,char,1,NO
dbo,Students_YEP,VRCaseloadCheck,48,char,1,NO
dbo,Students_YEP,EnrollDate,49,smalldatetime,NULL,YES
dbo,Students_YEP,CreateDate,50,smalldatetime,NULL,NO
dbo,TEMP_Activity,ID,1,int,NULL,NO
dbo,TEMP_Activity,Name,2,varchar,100,NO
dbo,TEMP_Activity,Description,3,varchar,250,YES
dbo,TEMP_Activity,ActivityDate,4,smalldatetime,NULL,YES
dbo,TEMP_Activity,SchoolID,5,int,NULL,NO
dbo,TEMP_Activity,Closed,6,int,NULL,NO
dbo,TEMP_Activity,Billed,7,int,NULL,NO
dbo,TEMP_Activity,CreateDate,8,smalldatetime,NULL,NO
dbo,TEMP_Activity,Deleted,9,int,NULL,NO
dbo,TEMP_Activity2,ID,1,int,NULL,NO
dbo,TEMP_Activity2,Name,2,varchar,100,NO
dbo,TEMP_Activity2,Description,3,varchar,250,YES
dbo,TEMP_Activity2,ActivityDate,4,smalldatetime,NULL,YES
dbo,TEMP_Activity2,StartDate,5,smalldatetime,NULL,YES
dbo,TEMP_Activity2,EndDate,6,smalldatetime,NULL,YES
dbo,TEMP_Activity2,SchoolID,7,int,NULL,NO
dbo,TEMP_Activity2,Closed,8,int,NULL,NO
dbo,TEMP_Activity2,Billed,9,int,NULL,NO
dbo,TEMP_Activity2,CreateDate,10,smalldatetime,NULL,NO
dbo,TEMP_Activity2,Deleted,11,int,NULL,NO
dbo,TEMP_ActivityDetails,ID,1,int,NULL,NO
dbo,TEMP_ActivityDetails,ActivityID,2,int,NULL,NO
dbo,TEMP_ActivityDetails,Description,3,varchar,100,NO
dbo,TEMP_ActivityDetails,HSHT,4,int,NULL,NO
dbo,TEMP_ActivityDetails,Other,5,int,NULL,NO
dbo,TEMP_ActivityDetails,OtherDetail,6,varchar,50,YES
dbo,TEMP_Districts,ID,1,int,NULL,NO
dbo,TEMP_Districts,DistrictID,2,varchar,50,YES
dbo,TEMP_Districts,DistrictName,3,varchar,50,NO
dbo,TEMP_Districts,County,4,varchar,100,NO
dbo,TEMP_Districts,Active,5,varchar,1,NO
dbo,TEMP_Districts,Notes,6,varchar,1000,YES
dbo,TEMP_Districts,HSHTCoordinator,7,varchar,100,YES
dbo,TEMP_Schools,ID,1,int,NULL,NO
dbo,TEMP_Schools,DID,2,varchar,50,NO
dbo,TEMP_Schools,SchoolCode,3,varchar,10,NO
dbo,TEMP_Schools,Name,4,varchar,150,NO
dbo,TEMP_Schools,StreetAddress,5,varchar,150,NO
dbo,TEMP_Schools,City,6,varchar,50,NO
dbo,TEMP_Schools,State,7,varchar,50,NO
dbo,TEMP_Schools,Zip,8,varchar,50,YES
dbo,TEMP_Schools,SchoolType,9,varchar,50,YES
dbo,TEMP_Schools,Active,10,varchar,1,NO
dbo,TEMP_Schools,Notes,11,varchar,1000,YES
dbo,TEMP_Schools,MailingAddress,12,varchar,150,YES
dbo,TEMP_Schools,MailingCity,13,varchar,50,YES
dbo,TEMP_Schools,MailingState,14,varchar,50,NO
dbo,TEMP_Schools,MailingZip,15,varchar,50,YES
dbo,TEMP_Schools,VRFirstName,16,varchar,50,YES
dbo,TEMP_Schools,VRLastName,17,varchar,50,YES
dbo,TEMP_Schools,VROffice,18,varchar,50,YES
dbo,TEMP_Schools,VREmail,19,varchar,50,YES
dbo,TEMP_Schools,LNFIrstName,20,varchar,50,YES
dbo,TEMP_Schools,LNLastName,21,varchar,50,YES
dbo,TEMP_Schools,LNOfficePhone,22,varchar,50,YES
dbo,TEMP_Schools,LNMobilePhone,23,varchar,50,YES
dbo,TEMP_Schools,LNEmail,24,varchar,50,YES
dbo,TEMP_Schools,SSLFirstName,25,varchar,50,YES
dbo,TEMP_Schools,SSLLastName,26,varchar,50,YES
dbo,TEMP_Schools,SSLOfficePhone,27,varchar,50,YES
dbo,TEMP_Schools,SSLMobilePhone,28,varchar,50,YES
dbo,TEMP_Schools,SSLEmail,29,varchar,50,YES
dbo,TEMP_Schools,SS1,30,int,NULL,NO
dbo,TEMP_Schools,SS2,31,int,NULL,NO
dbo,TEMP_Schools,SS3,32,int,NULL,NO
dbo,TEMP_Schools,SS4,33,int,NULL,NO
dbo,TEMP_Students,ID,1,int,NULL,NO
dbo,TEMP_Students,SchoolID,2,int,NULL,NO
dbo,TEMP_Students,FirstName,3,varchar,50,YES
dbo,TEMP_Students,MiddleName,4,varchar,50,YES
dbo,TEMP_Students,LastName,5,varchar,50,YES
dbo,TEMP_Students,BirthDate,6,smalldatetime,NULL,YES
dbo,TEMP_Students,Phone,7,varchar,50,YES
dbo,TEMP_Students,EmailAddress,8,varchar,70,YES
dbo,TEMP_Students,StreetAddress,9,varchar,150,YES
dbo,TEMP_Students,City,10,varchar,50,YES
dbo,TEMP_Students,State,11,varchar,50,YES
dbo,TEMP_Students,Zip,12,varchar,50,YES
dbo,TEMP_Students,County,13,varchar,50,YES
dbo,TEMP_Students,Active,14,varchar,1,NO
dbo,TEMP_Students,Gender,15,varchar,50,YES
dbo,TEMP_Students,Race,16,varchar,50,YES
dbo,TEMP_Students,RaceOther,17,varchar,50,YES
dbo,TEMP_Students,EthnicHeritage,18,varchar,50,YES
dbo,TEMP_Students,Autism,19,char,1,NO
dbo,TEMP_Students,Aspergers,20,char,1,NO
dbo,TEMP_Students,Deaf,21,char,1,NO
dbo,TEMP_Students,EBD,22,char,1,NO
dbo,TEMP_Students,Mobility,23,char,1,NO
dbo,TEMP_Students,OHI,24,char,1,NO
dbo,TEMP_Students,Orthepedic,25,char,1,NO
dbo,TEMP_Students,Speech,26,char,1,NO
dbo,TEMP_Students,SLD,27,char,1,NO
dbo,TEMP_Students,Spinal,28,char,1,NO
dbo,TEMP_Students,TBI,29,char,1,NO
dbo,TEMP_Students,Visual,30,char,1,NO
dbo,TEMP_Students,OtherDisability,31,char,1,NO
dbo,TEMP_Students,OtherInfo,32,nchar,50,YES
dbo,TEMP_Students,Grade,33,nchar,10,YES
dbo,TEMP_Students,EnterDate,34,varchar,50,YES
dbo,TEMP_Students,Graduated,35,char,1,NO
dbo,TEMP_Students,GraduateDate,36,smalldatetime,NULL,YES
dbo,TEMP_Students,EmploymentDate,37,smalldatetime,NULL,YES
dbo,TEMP_Students,Employment,38,varchar,50,YES
dbo,TEMP_Students,EIP,39,char,1,NO
dbo,TEMP_Students,VRC,40,varchar,50,YES
dbo,TEMP_Students,HSHTCoordinator,41,varchar,50,YES
dbo,TEMP_Students,ReportableStudent,42,char,1,NO
dbo,TEMP_Students,504,43,char,1,NO
dbo,TEMP_Students,ReceivedForm,44,char,1,NO
dbo,TEMP_Students,EnrollDate,45,smalldatetime,NULL,YES
dbo,TEMP_Students,CreateDate,46,smalldatetime,NULL,NO
dbo,TEMP_UserList,ID,1,int,NULL,NO
dbo,TEMP_UserList,FirstName,2,varchar,50,YES
dbo,TEMP_UserList,LastName,3,varchar,50,YES
dbo,TEMP_UserList,Email,4,varchar,50,YES
dbo,TEMP_UserList,Password,5,varchar,50,YES
dbo,TEMP_UserList,Active,6,int,NULL,NO
dbo,TEMP_UserList,UserName,7,varchar,50,YES
dbo,Total_SchoolID,TotalSchoolID,1,int,NULL,YES
dbo,Total_SchoolID,SchoolID,2,int,NULL,NO
dbo,UserList,ID,1,int,NULL,NO
dbo,UserList,FirstName,2,varchar,50,YES
dbo,UserList,LastName,3,varchar,50,YES
dbo,UserList,Email,4,varchar,50,YES
dbo,UserList,Password,5,varchar,50,YES
dbo,UserList,Active,6,int,NULL,NO
dbo,UserList,UserName,7,varchar,50,YES
dbo,UserList,AccessLevel,8,int,NULL,YES
dbo,Vendors,ID,1,int,NULL,NO
dbo,Vendors,Name,2,varchar,100,YES
dbo,Vendors,VendorCode,3,varchar,20,YES
dbo,Vendors,Address,4,varchar,100,YES
dbo,Vendors,City,5,varchar,50,YES
dbo,Vendors,State,6,varchar,10,YES
dbo,Vendors,Zip,7,varchar,50,YES
dbo,Vendors,Email,8,varchar,50,YES
dbo,Vendors,Contact,9,varchar,50,YES
dbo,Vendors,Phone,10,varchar,50,YES
dbo,Vendors,Notes,11,varchar,500,YES
dbo,View_Activity_District,ID,1,int,NULL,NO
dbo,View_Activity_District,Name,2,varchar,100,NO
dbo,View_Activity_District,Description,3,varchar,250,YES
dbo,View_Activity_District,ActivityDate,4,smalldatetime,NULL,YES
dbo,View_Activity_District,StartDate,5,smalldatetime,NULL,YES
dbo,View_Activity_District,EndDate,6,smalldatetime,NULL,YES
dbo,View_Activity_District,SchoolID,7,int,NULL,NO
dbo,View_Activity_District,Closed,8,int,NULL,NO
dbo,View_Activity_District,Billed,9,int,NULL,NO
dbo,View_Activity_District,CreateDate,10,smalldatetime,NULL,NO
dbo,View_Activity_District,Deleted,11,int,NULL,NO
dbo,View_Activity_District,PREETS,12,varchar,100,YES
dbo,View_Activity_District,HSHTCoordinator,13,int,NULL,YES
dbo,View_Activity_District,DID,14,int,NULL,NO
